,Coin,Coef.Variation
0,BTC,1.1327790469753125
1,ETH,0.9559743844802879
2,XRP,0.8928475608091494
8,TRX,0.8543861594672094
5,LTC,0.8088205396660711
7,SOL,0.7076422181943078
6,DOT,0.6790783430041987
9,XMR,0.5656931866511052
3,ADA,0.4896640639892666
4,DAI,0.008291991021671505
